Passenger ID,First Name,Last Name,Gender,Category,Nationality,Age,Airport Name,Airport Country Code,Country Name,Airport Continent,Continents,Departure Date,Arrival Airport,Flight Status
10856,Edithe,Leggis,Female,Elder,Japan,62 (Elder),Coldfoot Airport,US,United States,NAM,North America,6/28/2022,CXF,On Time
43872,Elwood,Catt,Male,Elder,Nicaragua,62 (Elder),Kugluktuk Airport,CA,Canada,NAM,North America,12/26/2022,YCO,On Time
42633,Darby,Felgate,Male,Elder,Russia,67 (Elder),Grenoble-Isère Airport,FR,France,EU,Europe,1/18/2022,GNB,On Time
78493,Dominica,Pyle,Female,Elder,China,71 (Elder),Ottawa / Gatineau Airport,CA,Canada,NAM,North America,9/16/2022,YND,Delayed
82072,Bay,Pencost,Male,Adult,China,21 (Adult),Gillespie Field,US,United States,NAM,North America,2/25/2022,SEE,On Time
39630,Lora,Durbann,Female,Adult,Brazil,55 (Adult),Coronel Horácio de Mattos Airport,BR,Brazil,SAM,South America,6/10/2022,LEC,On Time
11940,Rand,Bram,Male,Elder,Ivory Coast,73 (Elder),Duxford Aerodrome,GB,United Kingdom,EU,Europe,10/30/2022,QFO,Cancelled
26470,Perceval,Dallosso,Male,Adult,Vietnam,36 (Adult),Maestro Wilson Fonseca Airport,BR,Brazil,SAM,South America,4/7/2022,STM,Cancelled
29447,Aleda,Pigram,Female,Adult,Palestinian Territory,35 (Adult),Venice Marco Polo Airport,IT,Italy,EU,Europe,8/20/2022,VCE,On Time
75035,Burlie,Schustl,Male,Adult,Thailand,13 (Adult),Vermilion Airport,CA,Canada,NAM,North America,4/6/2022,YVG,On Time
29278,Porty,Jori,Male,Adult,Tunisia,39 (Adult),Nuevo Casas Grandes Airport,MX,Mexico,NAM,North America,5/27/2022,NCG,Cancelled
90106,Briant,De La Haye,Male,Elder,Russia,71 (Elder),Ruben Cantu Airport,PA,Panama,NAM,North America,2/6/2022,SYP,Delayed
19631,Kalie,Scoble,Female,Adult,Sweden,47 (Adult),Loralai Airport,PK,Pakistan,AS,Asia,3/19/2022,LRG,Delayed
58109,Catriona,Beaument,Female,Elder,Russia,77 (Elder),Cudal Airport,AU,Australia,OC,Oceania,3/24/2022,CUG,Delayed
53524,Amberly,Handling,Female,Adult,China,32 (Adult),Farmington Regional Airport,US,United States,NAM,North America,3/7/2022,FAM,Delayed
22064,Dyna,De'Vere - Hunt,Female,Adult,China,22 (Adult),Oudtshoorn Airport,ZA,South Africa,AF,Africa,7/18/2022,OUH,Cancelled
12874,Janella,Hardaker,Female,Adult,Colombia,28 (Adult),Zaraza Airport,VE,"Venezuela, Bolivarian Republic of",SAM,South America,9/23/2022,ZRZ,On Time
39783,Alvin,Wenzel,Male,Children,Greece,12 (Children),Enshi Airport,CN,China,AS,Asia,3/29/2022,ENH,Delayed
15461,Jerrine,Peeters,Female,Elder,Philippines,87 (Elder),Thompson Airport,CA,Canada,NAM,North America,11/3/2022,YTH,Cancelled
97649,Warner,Driutti,Male,Elder,China,62 (Elder),Guilin Liangjiang International Airport,CN,China,AS,Asia,9/5/2022,KWL,Cancelled
61145,Paige,Hayhow,Male,Adult,Sweden,24 (Adult),Crested Butte Airpark,US,United States,NAM,North America,2/19/2022,CSE,Delayed
82431,Dorisa,Skill,Female,Adult,Ukraine,19 (Adult),St Augustin Airport,CA,Canada,NAM,North America,11/5/2022,YIF,Cancelled
45196,Bobbye,Patmore,Female,Adult,China,45 (Adult),Port Bergé Airport,MG,Madagascar,AF,Africa,8/24/2022,WPB,On Time
98344,Jayme,Dairton,Female,Adult,Indonesia,29 (Adult),Hato Corozal Airport,CO,Colombia,SAM,South America,8/6/2022,HTZ,Delayed
40864,Sayre,Stroyan,Male,Elder,Indonesia,87 (Elder),Elkhart Municipal Airport,US,United States,NAM,North America,3/20/2022,EKI,Cancelled
15774,Joellyn,Stutter,Female,Children,Croatia,8 (Children),Timbedra Airport,MR,Mauritania,AF,Africa,2/19/2022,TMD,On Time
37558,Julietta,Delahunt,Female,Adult,Democratic Republic of the Congo,14 (Adult),Bagan Airport,MM,Myanmar,AS,Asia,10/3/2022,NYU,Delayed
37434,Halie,Jewar,Female,Adult,France,53 (Adult),Wiley Post Will Rogers Memorial Airport,US,United States,NAM,North America,12/5/2022,BRW,Delayed
14605,Jessamyn,Buddles,Female,Children,Peru,6 (Children),Gamboma Airport,CG,Congo,AF,Africa,4/9/2022,GMM,Delayed
85889,Clevie,Clubbe,Male,Adult,China,35 (Adult),Kasaba Bay Airport,ZM,Zambia,AF,Africa,4/14/2022,ZKB,Delayed
30642,Magdalen,Claiden,Female,Adult,China,14 (Adult),Faleolo International Airport,WS,Samoa,OC,Oceania,7/22/2022,APW,Delayed
64535,Celina,Boothebie,Female,Adult,Latvia,58 (Adult),Gorge Harbour Seaplane Base,CA,Canada,NAM,North America,8/5/2022,YGE,Cancelled
99480,Murvyn,Duff,Male,Adult,Germany,19 (Adult),Nesson Airport,NC,New Caledonia,OC,Oceania,3/25/2022,HLU,Cancelled
43000,Lyndsie,Dyball,Female,Adult,Czech Republic,22 (Adult),Malabo Airport,GQ,Equatorial Guinea,AF,Africa,9/23/2022,SSG,Delayed
19205,Ashlie,Rotham,Female,Adult,Ireland,44 (Adult),Zahn's Airport,US,United States,NAM,North America,11/23/2022,AYZ,Delayed
90756,Gardiner,Ferbrache,Male,Children,Sweden,9 (Children),Gora Airstrip,PG,Papua New Guinea,OC,Oceania,6/25/2022,GOC,On Time
88025,Rudolph,Housbie,Male,Elder,Iran,74 (Elder),Campbell River Airport,CA,Canada,NAM,North America,7/22/2022,YBL,Delayed
58677,Dun,Craythorn,Male,Adult,China,32 (Adult),Moki Airport,PG,Papua New Guinea,OC,Oceania,12/21/2022,MJJ,Cancelled
75426,Dasha,Eppson,Female,Adult,Indonesia,37 (Adult),Bairnsdale Airport,AU,Australia,OC,Oceania,1/11/2022,BSJ,On Time
55152,Bibby,Evershed,Female,Elder,Indonesia,73 (Elder),Colonel Hill Airport,BS,Bahamas,NAM,North America,12/11/2022,CRI,Delayed
22827,Ransom,Chippindale,Male,Adult,Peru,54 (Adult),Minlaton Airport,AU,Australia,OC,Oceania,12/15/2022,XML,On Time
39880,Zelig,Brinded,Male,Elder,Brazil,61 (Elder),Cincinnati Northern Kentucky International Airport,US,United States,NAM,North America,6/16/2022,CVG,On Time
80852,Rosalyn,Vondrys,Female,Adult,China,56 (Adult),Rar Gwamar Airport,ID,Indonesia,AS,Asia,7/8/2022,DOB,Delayed
93761,Lamond,Ahmed,Male,Adult,Croatia,21 (Adult),Sawyer International Airport,US,United States,NAM,North America,5/17/2022,MQT,Cancelled
18862,Anders,Treadger,Male,Elder,Madagascar,62 (Elder),Mirny Airport,RU,Russian Federation,AS,Asia,2/21/2022,MJZ,On Time
59791,Haroun,holmes,Male,Adult,United States,54 (Adult),Susanville Municipal Airport,US,United States,NAM,North America,3/21/2022,SVE,On Time
85166,Kristan,Metzing,Female,Adult,Peru,37 (Adult),Wichita Eisenhower National Airport,US,United States,NAM,North America,11/8/2022,ICT,Delayed
89925,Willie,Netherwood,Male,Elder,Russia,85 (Elder),Kavieng Airport,PG,Papua New Guinea,OC,Oceania,6/22/2022,KVG,On Time
95024,Aldon,Ridsdell,Male,Adult,Ghana,24 (Adult),Arapiraca Airport,BR,Brazil,SAM,South America,4/26/2022,APQ,Delayed
11983,Chrotoem,Abels,Male,Elder,Russia,62 (Elder),Port Lincoln Airport,AU,Australia,OC,Oceania,3/6/2022,PLO,On Time
74921,Andy,Kettleson,Male,Adult,China,50 (Adult),Roboré Airport,BO,"Bolivia, Plurinational State of",SAM,South America,5/13/2022,RBO,Cancelled
35159,Dredi,Curd,Female,Adult,Russia,45 (Adult),Gaspé (Michel-Pouliot) Airport,CA,Canada,NAM,North America,5/15/2022,YGP,Cancelled
26878,Tessy,Athelstan,Female,Elder,Sweden,83 (Elder),Kenmore Air Harbor Seaplane Base,US,United States,NAM,North America,12/8/2022,LKE,On Time
44556,Tamas,Vigneron,Male,Adult,Mali,58 (Adult),Diamantina Lakes Airport,AU,Australia,OC,Oceania,11/23/2022,DYM,Delayed
12928,Gnni,Chaperling,Female,Adult,Brazil,17 (Adult),Quzhou Airport,CN,China,AS,Asia,9/22/2022,JUZ,On Time
66358,Margaux,Lattin,Female,Elder,Guatemala,76 (Elder),McGhee Tyson Airport,US,United States,NAM,North America,2/7/2022,TYS,Delayed
90029,Anabella,Tutchings,Female,Adult,China,51 (Adult),Mulika Lodge Airport,KE,Kenya,AF,Africa,7/27/2022,JJM,Cancelled
63026,Joeann,Gotcliff,Female,Elder,Kyrgyzstan,77 (Elder),Badu Island Airport,AU,Australia,OC,Oceania,11/24/2022,BDD,Delayed
69358,Peri,Battram,Female,Adult,Peru,16 (Adult),Putao Airport,MM,Myanmar,AS,Asia,12/18/2022,PBU,Cancelled
94580,Eugenius,Headon,Male,Elder,Ukraine,77 (Elder),Ouahigouya Airport,BF,Burkina Faso,AF,Africa,4/29/2022,OUG,On Time
71627,Erwin,Baise,Male,Children,Haiti,12 (Children),Tahsis Seaplane Base,CA,Canada,NAM,North America,1/31/2022,ZTS,Cancelled
77742,Leta,Tartt,Female,Elder,Afghanistan,62 (Elder),Albert Lea Municipal Airport,US,United States,NAM,North America,7/5/2022,AEL,On Time
68903,Lilli,Sarath,Female,Elder,Sweden,87 (Elder),White Mountain Airport,US,United States,NAM,North America,7/20/2022,WMO,Delayed
80181,Franz,Roset,Male,Adult,Greece,23 (Adult),Southwest Florida International Airport,US,United States,NAM,North America,3/24/2022,RSW,Cancelled
39602,Natalya,Offner,Female,Adult,Czech Republic,23 (Adult),South Galway Airport,AU,Australia,OC,Oceania,11/10/2022,ZGL,Cancelled
15441,Genevra,Shipperbottom,Female,Adult,Ethiopia,41 (Adult),Doini Airport,PG,Papua New Guinea,OC,Oceania,7/6/2022,DOI,On Time
45018,Francine,Adolfsen,Female,Adult,Indonesia,54 (Adult),Nanjing Lukou Airport,CN,China,AS,Asia,10/11/2022,NKG,Cancelled
68356,Cairistiona,Tummond,Female,Adult,Tanzania,52 (Adult),Mundo Maya International Airport,GT,Guatemala,NAM,North America,5/25/2022,FRS,Cancelled
23779,Kelci,Colliver,Female,Adult,China,39 (Adult),Matsu Nangan Airport,TW,"Taiwan, Province of China",AS,Asia,10/27/2022,LZN,On Time
16341,Denys,Endricci,Male,Adult,Nigeria,33 (Adult),Biju Patnaik Airport,IN,India,AS,Asia,7/22/2022,BBI,Delayed
12072,Findley,Godleman,Male,Elder,Indonesia,89 (Elder),Tamchakett Airport,MR,Mauritania,AF,Africa,10/25/2022,THT,Delayed
95613,Fidelio,Guerry,Male,Children,China,3 (Children),Yuruf Airport,ID,Indonesia,AS,Asia,5/2/2022,RUF,Delayed
93631,Krishnah,Dabels,Male,Adult,Russia,54 (Adult),Monte Carmelo Airport,BR,Brazil,SAM,South America,9/14/2022,RBO,On Time
25310,Diannne,Samter,Female,Elder,Cameroon,73 (Elder),Vadsø Airport,NO,Norway,EU,Europe,11/25/2022,VDS,Cancelled
41015,Inge,Hewins,Female,Adult,Morocco,30 (Adult),Fakfak Airport,ID,Indonesia,AS,Asia,4/9/2022,FKQ,Cancelled
92933,Dermot,Stainburn,Male,Adult,Armenia,54 (Adult),Islita Airport,CR,Costa Rica,NAM,North America,7/15/2022,PBP,Cancelled
97267,Ajay,Durward,Female,Adult,Russia,26 (Adult),João Paulo II Airport,PT,Portugal,EU,Europe,8/26/2022,PDL,On Time
82767,Constancy,Darke,Female,Adult,China,51 (Adult),Batticaloa Airport,LK,Sri Lanka,AS,Asia,2/12/2022,BTC,Cancelled
19411,Cy,Servante,Male,Elder,China,78 (Elder),Omar N Bradley Airport,US,United States,NAM,North America,5/19/2022,MBY,Cancelled
90638,Lennard,Giorgi,Male,Adult,Peru,43 (Adult),Lihue Airport,US,United States,NAM,North America,1/31/2022,LIH,On Time
38712,Cordie,Rosenberger,Female,Children,Brazil,3 (Children),Spirit of St Louis Airport,US,United States,NAM,North America,7/17/2022,SUS,On Time
14976,Noelyn,Penquet,Female,Elder,Brazil,80 (Elder),Tahsis Seaplane Base,CA,Canada,NAM,North America,11/16/2022,ZTS,On Time
49845,Frank,Greenhough,Male,Adult,Philippines,52 (Adult),Mururoa Atoll Airport,PF,French Polynesia,OC,Oceania,2/6/2022,UOA,On Time
11630,Tan,Connold,Male,Elder,Sweden,73 (Elder),Denver International Airport,US,United States,NAM,North America,5/7/2022,DEN,On Time
24402,Star,Casford,Female,Adult,Greece,49 (Adult),Arly Airport,BF,Burkina Faso,AF,Africa,10/29/2022,ARL,Cancelled
25907,Travers,Selwyne,Male,Elder,Colombia,85 (Elder),Springfield Branson National Airport,US,United States,NAM,North America,8/9/2022,SGF,Cancelled
16277,Randie,Jankin,Male,Elder,Mexico,68 (Elder),Paradise Island Airport,MZ,Mozambique,AF,Africa,10/29/2022,NTC,On Time
60017,Henryetta,Noice,Female,Adult,Chile,36 (Adult),Merritt Airport,CA,Canada,NAM,North America,11/3/2022,YMB,Delayed
40870,Fons,Schrieves,Male,Adult,Albania,14 (Adult),Naval Outlying Field Imperial Beach (Ream Field),US,United States,NAM,North America,9/26/2022,NRS,On Time
30481,Lissa,Thynn,Female,Elder,Luxembourg,74 (Elder),In Guezzam Airport,DZ,Algeria,AF,Africa,1/20/2022,INF,Delayed
95434,Mattias,Darrell,Male,Elder,Honduras,78 (Elder),Aldan Airport,RU,Russian Federation,AS,Asia,8/7/2022,ADH,Cancelled
86701,Cirilo,Camoletto,Male,Adult,China,19 (Adult),Bhojpur Airport,NP,Nepal,AS,Asia,12/10/2022,BHP,Delayed
46273,Aeriela,Clarke,Female,Elder,Portugal,70 (Elder),Gorna Oryahovitsa Airport,BG,Bulgaria,EU,Europe,9/25/2022,GOZ,On Time
84184,Marjory,Franz,Female,Adult,Nigeria,46 (Adult),Hattiesburg Laurel Regional Airport,US,United States,NAM,North America,7/27/2022,PIB,Cancelled
99708,Rodolph,Grewcock,Male,Adult,Kazakhstan,23 (Adult),Nalchik Airport,RU,Russian Federation,EU,Europe,11/26/2022,NAL,Delayed
38663,Justinn,Ishchenko,Female,Adult,Pakistan,54 (Adult),Venice Municipal Airport,US,United States,NAM,North America,4/1/2022,VNC,On Time
46615,Winne,Cowland,Female,Elder,France,73 (Elder),Tanda Tula Airport,ZA,South Africa,AF,Africa,6/17/2022,TDT,Cancelled
76666,Gabriella,Patry,Female,Elder,China,65 (Elder),Lar Airport,IR,"Iran, Islamic Republic of",AS,Asia,7/31/2022,LRR,Delayed
59755,Tann,McCroary,Male,Children,Poland,2 (Children),Stewart International Airport,US,United States,NAM,North America,7/6/2022,SWF,Cancelled
16470,Ebony,Knappitt,Female,Children,Russia,7 (Children),Genoa Cristoforo Colombo Airport,IT,Italy,EU,Europe,12/18/2022,GOA,On Time
34176,Piggy,Hugle,Male,Adult,Philippines,39 (Adult),Buka Airport,PG,Papua New Guinea,OC,Oceania,10/29/2022,BUA,Delayed
67654,Lisle,Floyd,Male,Adult,China,25 (Adult),Copán Ruinas Airport,HN,Honduras,NAM,North America,7/14/2022,RUY,On Time
93619,Leroi,Raeburn,Male,Elder,Brazil,88 (Elder),Waycross Ware County Airport,US,United States,NAM,North America,9/17/2022,AYS,Cancelled
72572,Nicole,Gages,Female,Adult,South Africa,54 (Adult),En Nahud Airport,SD,Sudan,AF,Africa,5/18/2022,NUD,Cancelled
56995,Mariele,Lucius,Female,Adult,Ukraine,33 (Adult),Memorial Field,US,United States,NAM,North America,11/28/2022,HOT,Cancelled
40102,Sherwood,Woolaston,Male,Elder,Portugal,80 (Elder),Tarama Airport,JP,Japan,AS,Asia,4/13/2022,TRA,On Time
12578,Ag,Gumby,Female,Elder,China,76 (Elder),Akita Airport,JP,Japan,AS,Asia,6/3/2022,AXT,Delayed
52420,Basil,Canon,Male,Adult,Portugal,18 (Adult),Hatzfeldhaven Airport,PG,Papua New Guinea,OC,Oceania,5/25/2022,HAZ,Cancelled
25323,Care,Kearton,Male,Children,Kenya,4 (Children),Tapini Airport,PG,Papua New Guinea,OC,Oceania,7/30/2022,TPI,Cancelled
64660,Violetta,Francois,Female,Elder,Indonesia,85 (Elder),Casa De Campo International Airport,DO,Dominican Republic,NAM,North America,4/4/2022,LRM,Delayed
78937,Adlai,Tilmouth,Male,Adult,Serbia,49 (Adult),Owatonna Degner Regional Airport,US,United States,NAM,North America,1/4/2022,OWA,On Time
27716,Gwenore,Smaridge,Female,Children,Russia,7 (Children),Handan Airport,CN,China,AS,Asia,3/8/2022,HDG,Delayed
34872,Kurt,Marling,Male,Elder,Indonesia,65 (Elder),Mal Airport,PG,Papua New Guinea,OC,Oceania,10/26/2022,MMV,Delayed
65726,Artemus,Brewitt,Male,Adult,China,27 (Adult),Fáskrúðsfjörður Airport,IS,Iceland,EU,Europe,1/13/2022,FAS,On Time
64178,Sergio,Edmonson,Male,Children,Sweden,10 (Children),Omora Airport,PG,Papua New Guinea,OC,Oceania,8/1/2022,OSE,On Time
41626,Maia,Kidwell,Female,Adult,Philippines,45 (Adult),Fort Mcpherson Airport,CA,Canada,NAM,North America,12/4/2022,ZFM,Delayed
86568,Reinaldo,Caines,Male,Elder,Indonesia,76 (Elder),Newcastle Airport,GB,United Kingdom,EU,Europe,3/17/2022,NCL,On Time
26009,Lincoln,Casburn,Male,Children,Vietnam,6 (Children),Guanghan Airport,CN,China,AS,Asia,2/24/2022,GHN,Cancelled
52463,Kelsy,Danhel,Female,Adult,Indonesia,21 (Adult),Pureni Airport,PG,Papua New Guinea,OC,Oceania,8/15/2022,PUI,Delayed
48885,Des,Sutehall,Male,Elder,Indonesia,65 (Elder),Long Island Airport,PG,Papua New Guinea,OC,Oceania,10/23/2022,LSJ,Cancelled
35628,Darnall,Comfort,Male,Elder,Russia,72 (Elder),Xinzhou Wutaishan Airport,CN,China,AS,Asia,4/27/2022,WUT,Cancelled
29073,Bernardo,Bigland,Male,Elder,Philippines,79 (Elder),Bandar Lengeh Airport,IR,"Iran, Islamic Republic of",AS,Asia,12/5/2022,BDH,Cancelled
36560,Cymbre,Steeden,Female,Adult,Russia,55 (Adult),Canarana Airport,BR,Brazil,SAM,South America,9/26/2022,CQA,Cancelled
60038,Leandra,Demer,Female,Children,Colombia,6 (Children),Cà Mau Airport,VN,Viet Nam,AS,Asia,1/13/2022,CAH,Cancelled
61283,Shermy,Gatchell,Male,Elder,Colombia,66 (Elder),Tezu Airport,IN,India,AS,Asia,5/23/2022,TEI,Delayed
13487,Bryn,Pratley,Female,Adult,Maldives,56 (Adult),Krasnoselkup Airport,RU,Russian Federation,EU,Europe,8/19/2022,KKQ,On Time
47082,Eran,Summerill,Female,Elder,Afghanistan,62 (Elder),Monte Dourado Airport,BR,Brazil,SAM,South America,12/28/2022,MEU,On Time
17122,Arlena,Ridwood,Female,Elder,Ireland,65 (Elder),Awaba Airport,PG,Papua New Guinea,OC,Oceania,10/28/2022,AWB,Delayed
81645,Rozelle,Neubigin,Female,Elder,China,74 (Elder),Al Thaurah Airport,SY,Syrian Arab Republic,AS,Asia,11/15/2022,SOR,Delayed
34533,Jacenta,Linner,Female,Adult,Argentina,38 (Adult),Sibiu International Airport,RO,Romania,EU,Europe,12/24/2022,SBZ,Cancelled
63937,Mariann,Wilshin,Female,Elder,China,80 (Elder),Panguitch Municipal Airport,US,United States,NAM,North America,10/19/2022,PNU,Delayed
20726,Jedidiah,Malins,Male,Elder,Indonesia,66 (Elder),Cue Airport,AU,Australia,OC,Oceania,10/16/2022,CUY,Cancelled
58025,Rory,Wank,Female,Elder,Japan,84 (Elder),Ilam Airport,IR,"Iran, Islamic Republic of",AS,Asia,10/21/2022,IIL,Cancelled
22792,Modesty,Zink,Female,Children,Ukraine,11 (Children),Soledade Airport,BR,Brazil,SAM,South America,10/3/2022,RBO,Cancelled
88148,Newton,Berni,Male,Adult,Argentina,52 (Adult),Helenvale Airport,AU,Australia,OC,Oceania,5/2/2022,HLV,Delayed
47567,Sybila,Troker,Female,Children,Indonesia,8 (Children),Dalhart Municipal Airport,US,United States,NAM,North America,4/8/2022,DHT,On Time
14238,Jewel,Betteney,Female,Elder,China,66 (Elder),Yam Island Airport,AU,Australia,OC,Oceania,12/27/2022,XMY,On Time
17437,Hobie,Skace,Male,Elder,China,70 (Elder),St George Airport,AU,Australia,OC,Oceania,7/12/2022,SGO,Delayed
82660,Loree,Fishpond,Female,Adult,Ukraine,37 (Adult),Dallas Love Field,US,United States,NAM,North America,5/31/2022,DAL,On Time
74440,Gauthier,Elsip,Male,Adult,Uruguay,33 (Adult),Gerrard Smith International Airport,KY,Cayman Islands,NAM,North America,6/11/2022,CYB,Cancelled
53681,Gisella,Watters,Female,Adult,Philippines,35 (Adult),RAF Wildenrath,DE,Germany,EU,Europe,2/17/2022,WID,Cancelled
92243,Flora,Delgardillo,Female,Adult,Philippines,51 (Adult),General Lucio Blanco International Airport,MX,Mexico,NAM,North America,10/19/2022,REX,On Time
46701,Dorthea,Wealleans,Female,Children,China,6 (Children),Wantoat Airport,PG,Papua New Guinea,OC,Oceania,11/30/2022,WTT,On Time
49095,Arlyn,Boole,Female,Adult,Philippines,45 (Adult),Sofia Airport,BG,Bulgaria,EU,Europe,1/20/2022,SOF,On Time
50314,Jameson,Sayce,Male,Adult,Brazil,53 (Adult),Antônio Guerreiro Airport,BR,Brazil,SAM,South America,9/16/2022,GMS,On Time
35643,Collin,Ciepluch,Male,Adult,China,54 (Adult),Central Maine Airport of Norridgewock,US,United States,NAM,North America,4/13/2022,OWK,Delayed
56006,Francoise,Mustill,Female,Elder,Netherlands,76 (Elder),Lawson Army Air Field (Fort Benning),US,United States,NAM,North America,7/21/2022,LSF,Delayed
64843,Peterus,Lettson,Male,Elder,Botswana,70 (Elder),Ust-Maya Airport,RU,Russian Federation,EU,Europe,11/10/2022,UMS,Delayed
62061,Yuri,Crossfield,Male,Adult,Peru,38 (Adult),Dalby Airport,AU,Australia,OC,Oceania,5/15/2022,DBY,On Time
29696,Kirbee,Wrenn,Female,Adult,Armenia,45 (Adult),Lučenec Airport,SK,Slovakia,EU,Europe,7/27/2022,LUE,On Time
75962,Rici,Rein,Female,Elder,Russia,85 (Elder),Meghauli Airport,NP,Nepal,AS,Asia,2/26/2022,MEY,Delayed
42432,Anestassia,Vauls,Female,Adult,Albania,20 (Adult),Nikolai Airport,US,United States,NAM,North America,8/11/2022,NIB,On Time
44187,Virgil,Markussen,Male,Elder,Philippines,79 (Elder),Bemidji Regional Airport,US,United States,NAM,North America,6/19/2022,BJI,Cancelled
42979,Marlin,Yegorev,Male,Adult,Egypt,25 (Adult),Muhammad Salahuddin Airport,ID,Indonesia,AS,Asia,8/28/2022,BMU,Cancelled
71429,Clemmie,Harbertson,Male,Elder,Ukraine,76 (Elder),"Magdeburg ""City"" Airport",DE,Germany,EU,Europe,12/6/2022,ZMG,Cancelled
95524,Happy,Jaskowicz,Female,Elder,Mexico,82 (Elder),Tsletsi Airport,DZ,Algeria,AF,Africa,11/1/2022,QDJ,Cancelled
95185,Quentin,Plaschke,Male,Adult,Syria,37 (Adult),Groote Eylandt Airport,AU,Australia,OC,Oceania,3/30/2022,GTE,On Time
24415,Paulie,Dunnet,Male,Adult,Serbia,37 (Adult),Lemhi County Airport,US,United States,NAM,North America,1/23/2022,SMN,Delayed
48147,Wilma,Burdytt,Female,Elder,Poland,72 (Elder),Green River Airport,PG,Papua New Guinea,OC,Oceania,7/11/2022,GVI,On Time
30237,Cobbie,Imorts,Male,Adult,Croatia,18 (Adult),Kenai Municipal Airport,US,United States,NAM,North America,7/3/2022,ENA,Delayed
63186,Murry,Entreis,Male,Elder,Russia,86 (Elder),Margaret River (Station) Airport,AU,Australia,OC,Oceania,12/15/2022,MGV,On Time
49923,George,Wildber,Female,Adult,Brazil,32 (Adult),Abraham Lincoln Capital Airport,US,United States,NAM,North America,4/25/2022,SPI,Delayed
54907,Bethany,Corona,Female,Elder,Tanzania,62 (Elder),Shahid Sadooghi Airport,IR,"Iran, Islamic Republic of",AS,Asia,8/16/2022,AZD,Cancelled
85619,Carolann,Yves,Female,Elder,Poland,89 (Elder),Arathusa Safari Lodge Airport,ZA,South Africa,AF,Africa,10/7/2022,ASS,Cancelled
78751,Benson,Hook,Male,Adult,Indonesia,29 (Adult),Bewani Airport,PG,Papua New Guinea,OC,Oceania,11/29/2022,BWP,On Time
60100,Dunstan,Fyrth,Male,Adult,China,42 (Adult),Jwaneng Airport,BW,Botswana,AF,Africa,3/28/2022,JWA,On Time
80927,Rutger,Georgeon,Male,Adult,Myanmar,54 (Adult),Turaif Domestic Airport,SA,Saudi Arabia,AS,Asia,2/8/2022,TUI,Cancelled
84952,Gearalt,Bynold,Male,Baby,China,1 (Baby),Nueva Loja Airport,EC,Ecuador,SAM,South America,12/17/2022,LGQ,Delayed
82361,Ferrel,Elphey,Male,Children,Slovenia,7 (Children),Southern Seaplane Airport,US,United States,NAM,North America,3/26/2022,BCS,Cancelled
49563,Magda,Nealand,Female,Elder,United States,66 (Elder),Wanuma Airport,PG,Papua New Guinea,OC,Oceania,9/1/2022,WNU,Cancelled
97464,Pamella,Eaden,Female,Elder,Indonesia,90 (Elder),Amchitka Army Airfield,US,United States,NAM,North America,6/7/2022,AHT,Cancelled
61845,Nathanil,Monan,Male,Elder,Brazil,69 (Elder),Araraquara Airport,BR,Brazil,SAM,South America,3/8/2022,AQA,On Time
46383,Skelly,Gopsell,Male,Children,Czech Republic,9 (Children),Phoenix-Mesa-Gateway Airport,US,United States,NAM,North America,6/10/2022,AZA,On Time
64998,Arel,Tyson,Male,Adult,Spain,37 (Adult),Orocue Airport,CO,Colombia,SAM,South America,8/12/2022,ORC,Cancelled
64762,Ericha,Dressel,Female,Adult,Sweden,29 (Adult),Gorakhpur Airport,IN,India,AS,Asia,1/30/2022,GOP,Cancelled
83264,Yasmin,Findlow,Female,Elder,Macedonia,83 (Elder),Moody Air Force Base,US,United States,NAM,North America,8/17/2022,VAD,Delayed
86839,Corby,Van Der Straaten,Male,Elder,Kazakhstan,75 (Elder),Sangir Airport,ID,Indonesia,AS,Asia,10/1/2022,SAE,On Time
77115,Herbert,Billingsly,Male,Adult,Mongolia,56 (Adult),Jubail Airport,SA,Saudi Arabia,AS,Asia,2/13/2022,QJB,Delayed
69972,Aprilette,Veysey,Female,Adult,Thailand,13 (Adult),Trona Airport,US,United States,NAM,North America,5/28/2022,TRH,Cancelled
81192,Biddy,Rief,Female,Elder,Vietnam,89 (Elder),Kribi Airport,CM,Cameroon,AF,Africa,1/13/2022,KBI,On Time
47536,Brunhilda,Davley,Female,Adult,Indonesia,16 (Adult),Black Tickle Airport,CA,Canada,NAM,North America,2/12/2022,YBI,Delayed
58535,Artair,Ondrich,Male,Elder,Indonesia,73 (Elder),Pakhokku Airport,MM,Myanmar,AS,Asia,5/12/2022,PKK,Delayed
87618,Marylinda,Gussie,Female,Adult,Poland,15 (Adult),Khovd Airport,MN,Mongolia,AS,Asia,10/13/2022,HVD,Cancelled
53314,Gabrila,Speedin,Female,Elder,Portugal,88 (Elder),Rostock-Laage Airport,DE,Germany,EU,Europe,8/23/2022,RLG,On Time
94385,Pavlov,Hadye,Male,Elder,Brazil,82 (Elder),Mecheria Airport,DZ,Algeria,AF,Africa,5/12/2022,MZW,Cancelled
11344,Heath,Lackmann,Male,Elder,China,75 (Elder),Shuswap Regional Airport,CA,Canada,NAM,North America,10/5/2022,YSN,On Time
33089,Michele,Olenchenko,Male,Elder,Russia,75 (Elder),Grumman Bethpage Airport,US,United States,NAM,North America,8/21/2022,BPA,On Time
79635,Mischa,Caulwell,Male,Adult,Mexico,36 (Adult),Canefield Airport,DM,Dominica,NAM,North America,5/19/2022,DCF,Delayed
97005,Carlota,Llewhellin,Female,Adult,China,37 (Adult),Sultan Khairun Babullah Airport,ID,Indonesia,AS,Asia,5/11/2022,TTE,Cancelled
65180,Edlin,Theobald,Male,Elder,Poland,70 (Elder),El Dorado International Airport,CO,Colombia,SAM,South America,3/12/2022,BOG,On Time
80552,Sheridan,Casino,Male,Adult,Ukraine,13 (Adult),Fuerte Olimpo Airport,PY,Paraguay,SAM,South America,7/21/2022,OLK,Delayed
74844,Isidor,Rundall,Male,Adult,Peru,54 (Adult),Geraldton Greenstone Regional Airport,CA,Canada,NAM,North America,7/28/2022,YGQ,Cancelled
81722,Heywood,Bisp,Male,Adult,Indonesia,40 (Adult),Bar Yehuda Airfield,IL,Israel,AS,Asia,11/14/2022,MTZ,On Time
44327,Allx,Fretter,Female,Elder,Brazil,80 (Elder),Brandon Municipal Airport,CA,Canada,NAM,North America,4/14/2022,YBR,Cancelled
14532,Domenico,Cadman,Male,Adult,Ukraine,39 (Adult),Rijeka Airport,HR,Croatia,EU,Europe,4/27/2022,RJK,Cancelled
44955,Tansy,Symons,Female,Adult,Indonesia,48 (Adult),Lebanon Municipal Airport,US,United States,NAM,North America,5/23/2022,LEB,Delayed
80619,Con,Kaine,Male,Elder,Yemen,85 (Elder),Valcheta Airport,AR,Argentina,SAM,South America,10/23/2022,VCF,On Time
17596,Felizio,Kevern,Male,Elder,Russia,64 (Elder),Futuna Airport,VU,Vanuatu,OC,Oceania,9/4/2022,FTA,Cancelled
56106,Valle,Christoforou,Male,Adult,Benin,29 (Adult),Nyngan Airport,AU,Australia,OC,Oceania,1/14/2022,NYN,On Time
83933,Sydney,MacGhee,Male,Elder,Guatemala,90 (Elder),El Petén Airport,GT,Guatemala,NAM,North America,5/5/2022,TKM,On Time